date,team,opponent,goals_for,goals_against,elo,elo_off,elo_def,venue
1920-08-28,Spain,Denmark,1.0,0.0,1500.0,1500.0,1500.0,home
1920-08-29,Spain,Belgium,1.0,3.0,1556.8392281570991,1498.5095111076002,1536.2234713578043,away
1920-09-01,Spain,Sweden,2.0,1.0,1525.0793983586527,1493.9539096092076,1523.1155151473736,home
1920-09-02,Spain,Italy,2.0,0.0,1569.3940953815097,1506.3400286776655,1543.8116796344616,home
1920-09-05,Spain,Netherlands,3.0,1.0,1614.5535167939076,1518.579143660583,1573.474448745611,home
1921-12-18,Spain,Portugal,3.0,1.0,1668.0061504095797,1546.980862679003,1590.81140944417,home
1922-04-30,Spain,France,4.0,0.0,1679.6660220300914,1569.243063166499,1589.806556171622,away
1922-12-17,Spain,Portugal,2.0,1.0,1716.5987282457968,1607.0666535478788,1621.4308275883502,away
1923-01-28,Spain,France,3.0,0.0,1732.4793095779075,1614.3808132064275,1624.4927220777308,home
1923-02-04,Spain,Belgium,0.0,1.0,1749.3358164212852,1602.4284987955732,1643.3564834906297,away
1923-12-16,Spain,Portugal,3.0,0.0,1737.0346479872396,1580.2766005122621,1652.9188843640707,home
1924-03-09,Spain,Italy,0.0,0.0,1756.1847206929606,1597.6010250460574,1667.2639813656613,away
1924-03-13,Spain,Catalonia,7.0,0.0,1756.6417775831328,1571.7462982522313,1688.8559607930513,away
1924-05-25,Spain,Italy,0.0,1.0,1801.1612297962226,1664.9734530642547,1703.4360631239635,away
1924-12-21,Spain,Austria,2.0,1.0,1751.9664216001931,1621.42191183465,1702.09310826903,home
1925-06-01,Spain,Switzerland,3.0,0.0,1765.1843837314273,1629.176283401719,1707.6477052009118,away
1925-06-14,Spain,Italy,1.0,0.0,1800.8676901314568,1658.8279207577702,1729.8130932667466,home
1925-09-27,Spain,Austria,1.0,0.0,1811.5348511792643,1643.0846626039302,1745.6476257951285,away
1925-10-04,Spain,Hungary,1.0,0.0,1831.1673956859622,1641.2550543988016,1773.4598823302697,away
1926-12-19,Spain,Hungary,4.0,2.0,1851.2005904341047,1635.6011255508568,1796.457297109676,home
1927-04-17,Spain,Switzerland,1.0,0.0,1866.0530699044368,1677.950018148484,1777.0179614243557,home
1927-05-22,Spain,France,4.0,1.0,1874.1364161862484,1639.5860836399788,1789.1801887331187,away
1927-05-29,Spain,Italy,0.0,2.0,1896.010784540507,1663.7145396183687,1788.7245898733106,away
1928-01-08,Spain,Portugal,2.0,2.0,1878.9158458408112,1636.3912375337914,1775.1798575920764,away
1928-04-22,Spain,Italy,1.0,1.0,1876.1415764013236,1639.9276039669487,1755.4467608111777,home
1928-05-30,Spain,Mexico,7.0,1.0,1871.0299064085298,1621.1045172164827,1755.7788086476985,home
1928-06-01,Spain,Italy,1.0,1.0,1954.0570125906104,1717.2897066648627,1752.8024846103754,away
1928-06-04,Spain,Italy,1.0,7.0,1946.9501368405763,1694.3607190299317,1756.0105755598197,away
1929-03-17,Spain,Portugal,5.0,0.0,1813.1383654022188,1675.736067643605,1644.9529414240496,home
1929-04-14,Spain,France,8.0,1.0,1836.9523445377906,1724.7184209050815,1661.9403126481213,home
1929-05-15,Spain,England,4.0,3.0,1854.9110766070282,1797.9428995413439,1661.5537762883253,home
1930-01-01,Spain,Czechoslovakia,1.0,0.0,1867.5455349748056,1819.926349547458,1637.0048868753302,home
1930-06-14,Spain,Czechoslovakia,0.0,2.0,1883.8492810472521,1793.042779761812,1664.2745329741722,away
1930-06-22,Spain,Italy,3.0,2.0,1872.3705518365275,1762.5084887570508,1655.8249542745773,away
1930-11-30,Spain,Portugal,1.0,0.0,1894.5977274888073,1785.365030286634,1664.370960826429,away
1931-04-19,Spain,Italy,0.0,0.0,1907.8809362094814,1762.2156674354294,1682.030123035502,home
1931-04-26,Spain,Republic of Ireland,1.0,1.0,1907.6430956725299,1724.666651911268,1708.9572087900415,home
1931-12-09,Spain,England,1.0,7.0,1900.007519959409,1699.8452186248146,1706.0426739143716,away
1931-12-13,Spain,Republic of Ireland,5.0,0.0,1869.5524621293841,1689.1232020612474,1622.218710879544,away
1932-04-24,Spain,Yugoslavia,2.0,1.0,1907.7086331793153,1749.9718668162693,1646.5883897191343,home
1933-04-02,Spain,Portugal,3.0,0.0,1914.0158051702963,1712.3019404728436,1643.563821154409,home
1933-04-23,Spain,France,0.0,1.0,1929.732540533705,1723.300399785357,1657.274218415174,away
1933-04-30,Spain,Yugoslavia,1.0,1.0,1906.415340425437,1673.882048113457,1664.9295511216444,away
1933-05-21,Spain,Bulgaria,13.0,0.0,1901.803955602026,1650.1401980959802,1668.0460780833048,home
1934-02-02,Spain,Catalonia,2.0,0.0,1931.5045582849089,1824.5303888808078,1680.799786034284,away
1934-03-11,Spain,Portugal,9.0,0.0,1943.329539721072,1802.7493990757148,1695.628958940051,home
1934-03-18,Spain,Portugal,2.0,1.0,2010.4832718832652,1916.2484222255969,1708.221736997873,away
1934-05-27,Spain,Brazil,3.0,1.0,2037.449332165022,1880.6468313941025,1705.0584146810781,away
1934-05-31,Spain,Italy,1.0,1.0,2071.729885730606,1883.505699765965,1710.6176146770501,away
1934-06-01,Spain,Italy,0.0,1.0,2084.9526647863754,1867.9111287420828,1724.984655471684,away
1935-01-24,Spain,France,2.0,0.0,2057.2268197378194,1835.784759368112,1737.1623310505724,home
1935-05-05,Spain,Portugal,3.0,3.0,2062.4502283525235,1797.545503674914,1754.8934716369374,away
1935-05-12,Spain,Germany,2.0,1.0,2056.2045406084294,1803.0129158582329,1715.1078033343492,away
1936-01-19,Spain,Austria,4.0,5.0,2075.2260810554885,1805.1940196949652,1735.1949793789277,home
1936-02-23,Spain,Germany,1.0,2.0,2057.018366349656,1824.4454417507247,1666.1604896574427,home
1936-05-03,Spain,Switzerland,2.0,0.0,2037.7568758132006,1797.385699134566,1650.889970205511,away
1937-11-28,Spain,Portugal,1.0,2.0,2048.2171451622257,1788.8425162704398,1673.2082595155025,home
1938-01-30,Spain,Portugal,0.0,1.0,2021.4876499187235,1739.8515137466986,1651.3737250696267,away
1941-01-12,Spain,Portugal,2.0,2.0,2000.5810730132494,1704.5295430506587,1655.8639456206538,away
1941-03-16,Spain,Portugal,5.0,1.0,1995.1983992038415,1706.0143197074456,1642.1472065485705,home
1941-12-28,Spain,Switzerland,3.0,2.0,2009.0235079496856,1748.9573078855278,1641.7921783998906,home
1942-03-15,Spain,France,4.0,0.0,2015.7776152838162,1759.4041338292907,1622.6508556274991,home
1942-04-12,Spain,Germany,1.0,1.0,2029.4969719761534,1784.5754362057696,1643.339409037017,away
1942-04-19,Spain,Italy,0.0,4.0,2034.2400514047501,1767.7943862322559,1662.581584161074,away
1945-03-11,Spain,Portugal,2.0,2.0,2016.1011993051618,1742.6821480890997,1622.5400395990475,away
1945-05-06,Spain,Portugal,4.0,2.0,2010.7866411495907,1739.3803312358293,1612.8432537155786,home
1946-06-23,Spain,Republic of Ireland,0.0,1.0,2017.4017397609068,1759.3585159365798,1597.6190329989483,home
1947-01-26,Spain,Portugal,1.0,4.0,1992.2825454151312,1708.5802014493686,1602.7248960886589,away
1947-03-02,Spain,Republic of Ireland,2.0,3.0,1949.9252419483905,1691.500805672335,1560.822349888215,away
1947-10-19,Spain,Catalonia,1.0,3.0,1931.1521241529779,1699.5666633806945,1538.365742972796,away
1948-03-21,Spain,Portugal,2.0,0.0,1907.9269305837756,1679.1382900994013,1506.2618983147177,home
1948-05-30,Spain,Republic of Ireland,2.0,1.0,1915.6416524307192,1658.9511252699365,1534.2432425188592,home
1948-06-20,Spain,Switzerland,3.0,3.0,1923.57243525991,1658.7039277642175,1538.5266902261114,away
1949-01-02,Spain,Belgium,1.0,1.0,1921.0857404770175,1677.3517607419788,1524.3061230032215,home
1949-03-20,Spain,Portugal,1.0,1.0,1909.9529249902541,1649.4527748581597,1531.9608880814974,away
1949-03-27,Spain,Italy,1.0,3.0,1906.1927356705812,1632.0010034798402,1547.1212027921847,home
1949-06-12,Spain,Republic of Ireland,4.0,1.0,1892.862013937865,1618.9204218073671,1529.7744834448204,away
1949-06-19,Spain,France,5.0,1.0,1919.4144913638763,1665.972339208148,1536.3829296012025,away
1950-04-02,Spain,Portugal,5.0,1.0,1951.9806759779524,1726.0636255821144,1559.4046591103133,home
1950-04-09,Spain,Portugal,2.0,2.0,1990.5439205304792,1764.7275350284226,1564.6511126639275,away
1950-06-25,Spain,United States,3.0,1.0,1977.3555181973388,1752.0499055932025,1558.2058436512618,home
1950-06-29,Spain,Chile,2.0,0.0,1995.5274028587264,1705.9897940624317,1569.7190742407215,away
1950-07-02,Spain,England,1.0,0.0,2019.489873870976,1703.8804980034724,1592.4253059480047,away
1950-07-09,Spain,Uruguay,2.0,2.0,2071.433659450683,1699.4268121487644,1631.6962273596084,home
1950-07-13,Spain,Brazil,1.0,6.0,2066.7678205962206,1700.6857465668334,1634.8540407995754,away
1950-07-16,Spain,Sweden,1.0,3.0,2015.3061861963179,1695.0541928854009,1577.0506070241831,home
1951-02-18,Spain,Switzerland,6.0,3.0,1973.407610387606,1669.3703916590243,1563.7941831421715,home
1951-06-10,Spain,Belgium,3.0,3.0,1989.6242021724133,1735.0615412468544,1539.4044699660963,away
1951-06-17,Spain,Sweden,0.0,0.0,1984.0441915471347,1743.822841091671,1533.6613873533756,away
1952-06-01,Spain,Republic of Ireland,6.0,0.0,1989.4679976039458,1709.769181553217,1579.5120916268065,home
1952-06-08,Spain,Turkey,0.0,0.0,2007.3609908451215,1767.782020000766,1596.6477532147867,away
1952-12-07,Spain,Argentina,0.0,1.0,2001.989342279084,1723.0473068241888,1621.0499308362596,home
1952-12-28,Spain,Germany,2.0,2.0,1991.0621077929234,1695.818874123259,1636.221419730901,home
1953-03-19,Spain,Belgium,3.0,1.0,1991.2610125661895,1699.780701362451,1630.4855339304568,home
1953-07-05,Spain,Argentina,0.0,1.0,1998.0087662867406,1705.3184558420176,1633.7420126029065,away
1953-07-12,Spain,Chile,2.0,1.0,1992.1305350667449,1688.2629793121434,1655.4172401489602,away
1953-08-09,Spain,Catalonia,6.0,0.0,2007.2447390922393,1696.3446507387682,1664.6299166379417,away
1953-11-08,Spain,Sweden,2.0,2.0,2036.5099434243539,1766.4793171914766,1681.4337781467227,home
1954-01-06,Spain,Turkey,4.0,1.0,2032.3116315697785,1759.1953514045701,1663.5781815860892,home
1954-03-14,Spain,Turkey,0.0,1.0,2062.6311131569137,1782.9137852902345,1661.3358492806951,away
1954-03-17,Spain,Turkey,2.0,2.0,2007.425845082346,1739.1038793280527,1664.9204803027296,away
1955-03-17,Spain,France,1.0,2.0,1989.0682828820552,1735.94707921513,1646.1609028753385,home
1955-05-18,Spain,England,1.0,1.0,1967.1465811794608,1716.0531757687957,1637.8835279418338,home
1955-06-19,Spain,Switzerland,3.0,0.0,1969.426486350913,1697.6939538158495,1654.4217843506426,away
1955-11-27,Spain,Republic of Ireland,2.0,2.0,1995.0448190169468,1710.1258245384083,1685.5499554045755,away
1955-11-30,Spain,England,1.0,4.0,1990.790636766796,1713.5037475187064,1670.2982544202177,away
1956-06-03,Spain,Portugal,1.0,3.0,1972.2695221696474,1704.8430712257389,1636.8155318654547,away
1957-01-30,Spain,Netherlands,5.0,1.0,1948.8316403640238,1687.4188382121995,1608.102310781802,home
1957-03-10,Spain,Switzerland,2.0,2.0,1965.1074255331664,1735.3861010199512,1613.0297766575725,home
1957-03-31,Spain,Belgium,5.0,0.0,1941.7773928152806,1717.6340275280645,1601.2252070804707,away
1957-05-08,Spain,Scotland,2.0,4.0,1973.4657285804697,1760.0560486230581,1633.2731390564857,away
1957-05-26,Spain,Scotland,4.0,1.0,1932.4231203503318,1770.7477173240734,1586.5029422464231,home
1957-11-24,Spain,Switzerland,4.0,1.0,1997.691888541277,1810.4826499021144,1596.6528002140292,away
1958-03-13,Spain,France,2.0,2.0,2051.3486757165597,1835.107244701801,1612.7075961156431,away
1958-03-19,Spain,Germany,0.0,2.0,2053.154835488131,1839.1674109161534,1611.0532173809588,away
1958-04-13,Spain,Portugal,1.0,0.0,2041.8846147407837,1805.7587264772405,1607.478724183223,home
1958-10-15,Spain,Northern Ireland,6.0,2.0,2047.2805720938893,1768.1934552232779,1626.9469539949714,home
1959-02-28,Spain,Italy,1.0,1.0,2061.311752736818,1832.1415424031948,1611.7039810682415,away
1959-06-28,Spain,Poland,4.0,2.0,2062.0573645534882,1817.667726065466,1623.594383479155,away
1959-10-14,Spain,Poland,3.0,0.0,2088.3825213337714,1847.097633686515,1616.4374387563926,home
1959-11-22,Spain,Austria,6.0,3.0,2112.1347919364075,1827.5252748537832,1640.560657002746,home
1959-12-17,Spain,France,3.0,4.0,2137.6201250264576,1884.6311282022007,1614.8947589479362,away
1960-03-13,Spain,Italy,3.0,1.0,2125.05224124044,1891.0464482182194,1591.6907314245632,home
1960-05-15,Spain,England,3.0,0.0,2136.1477693499146,1900.3364162533583,1596.6967018426578,home
1960-07-10,Spain,Peru,3.0,1.0,2164.908869864472,1899.9135536716312,1629.036418397461,away
1960-07-14,Spain,Chile,4.0,0.0,2181.427423938534,1914.647868545015,1641.172922607656,away
1960-07-17,Spain,Chile,4.0,1.0,2208.152960399649,1929.659539029377,1665.7000623060246,away
1960-07-24,Spain,Argentina,0.0,2.0,2230.230058756599,1940.5705754674352,1669.844836881479,away
1960-10-26,Spain,England,2.0,4.0,2219.6575910973443,1901.8254657613015,1667.8161208833594,away
1960-10-30,Spain,Austria,0.0,3.0,2206.004095688463,1899.479853140867,1642.044549913545,away
1961-04-02,Spain,France,2.0,0.0,2173.1366914378336,1845.8678647460827,1627.9265035419066,home
1961-04-19,Spain,Wales,2.0,1.0,2185.707642038186,1822.1086553284176,1653.5461926482903,away
1961-05-18,Spain,Wales,1.0,1.0,2215.300556818871,1823.8288661927204,1664.7964193970813,home
1961-06-11,Spain,Argentina,2.0,0.0,2190.619699361569,1794.065048089161,1667.30606725443,home
1961-11-12,Spain,Morocco,1.0,0.0,2210.6408296154505,1798.8238699244355,1696.165763614365,away
1961-11-23,Spain,Morocco,3.0,2.0,2235.0254662169996,1779.1710328910253,1714.92029363376,home
1961-12-10,Spain,France,1.0,1.0,2247.3159991701414,1789.169644597659,1689.8120126981257,away
1962-05-31,Spain,Czechoslovakia,0.0,1.0,2246.407693373352,1768.510584883256,1697.07811603745,away
1962-06-03,Spain,Mexico,1.0,0.0,2207.154169748039,1736.829331679932,1717.7034334520729,away
1962-06-06,Spain,Brazil,1.0,2.0,2240.3261541486395,1728.1283343153088,1734.7025920499882,away
1962-11-01,Spain,Romania,6.0,0.0,2220.086167602268,1728.0056368015864,1728.6675030552137,home
1962-11-25,Spain,Romania,1.0,3.0,2259.694157762111,1801.5992578820765,1745.959841469045,away
1962-12-02,Spain,Belgium,1.0,1.0,2196.786373571931,1777.7653224435753,1710.2479112276283,away
1963-01-09,Spain,France,0.0,0.0,2190.0378481342123,1764.7246889317648,1715.825113056542,home
1963-05-30,Spain,Northern Ireland,1.0,1.0,2183.039319415665,1718.9783202716217,1733.2372521452128,home
1963-06-13,Spain,Scotland,2.0,6.0,2150.1024032208634,1674.5192184838227,1729.6593725492914,home
1963-10-30,Spain,Northern Ireland,1.0,0.0,2103.5705824461343,1672.9497925999683,1648.0303118632823,away
1963-12-01,Spain,Belgium,1.0,2.0,2121.9706741107148,1657.3371703349073,1673.7553128345098,home
1964-03-11,Spain,Republic of Ireland,5.0,1.0,2096.157013289993,1649.310885264612,1657.9522993644864,home
1964-04-08,Spain,Republic of Ireland,2.0,0.0,2133.266614186126,1702.751778235784,1655.8486948550876,away
1964-06-17,Spain,Hungary,2.0,1.0,2161.9452523876794,1700.672769370069,1678.594037604541,home
1964-06-21,Spain,Russia,2.0,1.0,2205.087205373234,1711.8877046465986,1686.4540295312993,home
1964-11-15,Spain,Portugal,1.0,2.0,2244.6776557636704,1728.3687473922794,1693.2570677661574,away
1965-05-05,Spain,Republic of Ireland,0.0,1.0,2220.9888934656556,1718.0654969060322,1680.3789992902389,away
1965-05-08,Spain,Scotland,0.0,0.0,2163.2619707068284,1678.2600955248588,1683.7826733973586,away
1965-10-27,Spain,Republic of Ireland,4.0,1.0,2165.621849282246,1652.740306726512,1719.8334418288487,home
1965-11-10,Spain,Republic of Ireland,1.0,0.0,2194.5865192311376,1687.2814953069997,1716.0169878317924,away
1965-12-08,Spain,England,0.0,2.0,2212.5649502730857,1664.0529250616023,1733.8578939426773,home
1966-06-23,Spain,Uruguay,1.0,1.0,2192.559864741287,1637.9890113058063,1719.3831709856684,home
1966-07-13,Spain,Argentina,1.0,2.0,2188.9550105514895,1630.560916049475,1719.5796744565826,away
1966-07-15,Spain,Switzerland,2.0,1.0,2158.124139455235,1632.3681625067966,1706.6763818773604,home
1966-07-20,Spain,Germany,1.0,2.0,2174.2196056988146,1635.7520528673067,1703.8974512926193,away
1966-10-23,Spain,Republic of Ireland,0.0,0.0,2141.377964762975,1638.2126417084614,1700.5400555532901,away
1966-12-07,Spain,Republic of Ireland,2.0,0.0,2126.348411672798,1607.4828374624526,1721.3575096172628,home
1967-02-01,Spain,Turkey,0.0,0.0,2142.716943056759,1609.9201429720526,1735.9784808695001,away
1967-05-24,Spain,England,0.0,2.0,2123.6969651868094,1588.9464313335097,1750.232281257483,away
1967-05-31,Spain,Turkey,2.0,0.0,2114.414119071204,1577.1162973316837,1746.5922982995387,home
1967-10-01,Spain,Czechoslovakia,0.0,1.0,2128.3418388309888,1590.3139941108889,1757.0437687566432,away
1967-10-22,Spain,Czechoslovakia,2.0,1.0,2099.4093869950243,1575.508241585562,1768.7644043821342,home
1968-02-28,Spain,Sweden,3.0,1.0,2137.167370721766,1595.0727108736485,1771.560011297204,home
1968-04-03,Spain,England,0.0,1.0,2146.724036731774,1622.2454274380918,1769.013106440442,away
1968-05-02,Spain,Sweden,1.0,1.0,2126.1260943264633,1609.5863441339332,1781.460026841863,away
1968-05-08,Spain,England,1.0,2.0,2124.6027072147162,1605.8374915639295,1783.6217878440054,home
1968-10-17,Spain,France,3.0,1.0,2091.400439888452,1609.062715628367,1767.7543534606327,away
1968-10-27,Spain,Yugoslavia,0.0,0.0,2108.528698457278,1636.9397589361222,1769.7860807603593,away
1968-12-11,Spain,Belgium,1.0,1.0,2115.2449423459248,1616.9608319874872,1796.9199222050884,home
1969-02-23,Spain,Belgium,1.0,2.0,2100.1424589339454,1610.1573648272943,1796.7718815863284,away
1969-03-26,Spain,Switzerland,1.0,0.0,2061.1615116945914,1610.4197499382735,1783.9408038501049,home
1969-04-23,Spain,Mexico,0.0,0.0,2067.4523298662716,1599.6005725612065,1796.2331475097758,home
1969-04-30,Spain,Yugoslavia,2.0,1.0,2066.2047020148543,1581.4008485723684,1809.4838194219553,home
1969-06-25,Spain,Finland,0.0,2.0,2099.2451966524236,1597.0966819130576,1809.669998987314,away
1969-10-15,Spain,Finland,6.0,0.0,2019.3009036484143,1542.1266483228453,1781.9916190354013,home
1970-02-11,Spain,Germany,2.0,0.0,2032.592319541416,1599.9738204857276,1791.3760513245036,home
1970-02-21,Spain,Italy,2.0,2.0,2054.229644467021,1621.2728122907797,1811.909117677337,home
1970-04-22,Spain,Switzerland,1.0,0.0,2056.5008527695272,1643.2764341257075,1797.3181865440472,away
1970-10-28,Spain,Greece,2.0,1.0,2066.708833463126,1636.5483695157257,1811.857215470899,home
1970-11-11,Spain,Northern Ireland,3.0,0.0,2072.1538327359517,1638.0226921131143,1808.0939339420133,home
1971-02-20,Spain,Italy,2.0,1.0,2105.1874954443715,1666.7496447303347,1820.3522407540947,away
1971-03-17,Spain,France,2.0,2.0,2129.3867311717145,1688.7643602320666,1831.7503160631707,home
1971-05-09,Spain,Cyprus,2.0,0.0,2123.364542188528,1690.2031432181343,1810.9361187833501,away
1971-05-30,Spain,Russia,1.0,2.0,2134.3998553108104,1652.1984523023757,1820.852491893046,away
1971-10-27,Spain,Russia,0.0,0.0,2113.080886315865,1659.7587746186127,1802.4247176752947,home
1971-11-24,Spain,Cyprus,7.0,0.0,2119.3425347440902,1644.2090011021521,1819.8381079354674,home
1972-01-12,Spain,Hungary,1.0,0.0,2133.8643701962956,1708.0596289566445,1826.3518661721234,home
1972-02-16,Spain,Northern Ireland,1.0,1.0,2149.324874466157,1701.1038960275102,1842.9799834808953,away
1972-04-12,Spain,Greece,0.0,0.0,2133.0384573208635,1695.7362077368175,1837.2106551155123,away
1972-05-23,Spain,Uruguay,2.0,0.0,2125.1345934950214,1665.90858089979,1849.7627494503508,home
1972-10-11,Spain,Argentina,1.0,0.0,2137.8808218045388,1678.0207801872002,1859.8034538826482,home
1972-10-19,Spain,Yugoslavia,2.0,2.0,2152.5439295465244,1669.0767655763243,1874.2541943275166,home
1973-01-17,Spain,Greece,3.0,2.0,2147.01374629582,1680.6518297962252,1855.3330163074666,away
1973-02-21,Spain,Greece,3.0,1.0,2167.1278748221353,1711.0147068928345,1829.149481749472,home
1973-05-02,Spain,Netherlands,2.0,3.0,2178.1083537528384,1726.4055288506543,1820.6007619211387,away
1973-10-17,Spain,Turkey,0.0,0.0,2160.57482786261,1747.4583044767628,1797.1049281836754,away
1973-10-21,Spain,Yugoslavia,0.0,0.0,2153.757771162439,1719.3690899840412,1812.677849542776,away
1973-11-24,Spain,Germany,1.0,2.0,2165.9530540506294,1700.079351259036,1843.549044913484,away
1974-02-13,Spain,Yugoslavia,0.0,1.0,2159.842656857528,1704.9369807329283,1838.665170355943,away
1974-02-23,Spain,Germany,1.0,0.0,2124.369921435086,1683.2351197492237,1845.0121404081494,home
1974-09-25,Spain,Denmark,2.0,1.0,2146.0687160480875,1684.2854573728746,1868.0750712597494,away
1974-10-12,Spain,Argentina,1.0,1.0,2168.1554827585537,1688.5777369399066,1863.7506358496848,away
1974-11-20,Spain,Scotland,2.0,1.0,2171.302083580308,1682.727649988939,1870.4895526470664,away
1975-02-05,Spain,Scotland,1.0,1.0,2214.697650676926,1705.540443377717,1870.3241826948545,home
1975-04-17,Spain,Romania,1.0,1.0,2199.7290970022277,1702.0013276638745,1865.4596430395795,home
1975-10-12,Spain,Denmark,2.0,0.0,2183.7556840092093,1699.5482858585974,1860.35656344288,home
1975-11-16,Spain,Romania,2.0,2.0,2195.4661551527133,1695.4054549474733,1870.0468034151786,away
1976-04-24,Spain,Germany,1.0,1.0,2195.5495226228104,1716.2742480482443,1852.7429524572115,home
1976-05-22,Spain,Germany,0.0,2.0,2207.0523926868646,1718.4423035113514,1859.183550876936,away
1976-10-10,Spain,Yugoslavia,1.0,0.0,2188.8175104440215,1705.70092636647,1854.1057989734732,home
1977-02-09,Spain,Republic of Ireland,1.0,0.0,2223.759302598714,1696.1991989146109,1873.5823901631677,away
1977-03-27,Spain,Hungary,1.0,1.0,2233.986706129789,1691.1767035601529,1891.2088949852046,home
1977-04-16,Spain,Romania,0.0,1.0,2229.454384764558,1683.1783865293135,1890.0156624862257,away
1977-09-21,Spain,Switzerland,2.0,1.0,2189.52204689428,1662.629084325558,1895.3094618102696,away
1977-10-26,Spain,Romania,2.0,0.0,2198.058344921538,1677.5102570720433,1887.594194514599,home
1977-11-30,Spain,Yugoslavia,1.0,0.0,2231.572508080504,1692.818227524154,1909.043333008094,away
1978-01-25,Spain,Italy,2.0,1.0,2276.6277451454316,1688.184682262049,1931.953608372601,home
1978-03-29,Spain,Norway,3.0,0.0,2291.3162153667863,1705.1270191908416,1928.189047804203,home
1978-04-26,Spain,Mexico,2.0,0.0,2295.578104208693,1714.3996514384435,1934.6620838696424,home
1978-05-24,Spain,Uruguay,0.0,0.0,2308.202815555621,1724.779074761977,1948.7628004422445,away
1978-06-03,Spain,Austria,1.0,2.0,2303.0769582542416,1704.1121713506584,1958.0380265098786,away
1978-06-07,Spain,Brazil,0.0,0.0,2254.127793688443,1703.7036147115443,1934.407182481375,away
1978-06-11,Spain,Sweden,1.0,0.0,2273.0314206203575,1692.5278905769628,1955.8967866712271,home
1978-10-04,Spain,Yugoslavia,2.0,1.0,2300.702961371329,1690.6972972171286,1967.5807548371902,away
1978-11-08,Spain,France,0.0,1.0,2342.091070860141,1708.498258385655,1966.0324027354118,away
1978-11-15,Spain,Romania,1.0,0.0,2325.1650613643537,1692.7608257090296,1966.5415328430627,home
1978-12-13,Spain,Cyprus,5.0,0.0,2350.079250576917,1684.665351531225,1982.0606716876373,home
1978-12-21,Spain,Italy,0.0,1.0,2355.2822044548134,1711.0713079686545,1985.7178304010286,away
1979-03-14,Spain,Czechoslovakia,0.0,1.0,2343.487541201695,1697.3068831188489,1982.7720846125153,away
1979-04-04,Spain,Romania,2.0,2.0,2328.6515719334798,1680.8338235488948,1981.329077056324,away
1979-09-26,Spain,Portugal,1.0,1.0,2327.4386149734464,1700.136447860299,1962.0366097836315,home
1979-10-10,Spain,Yugoslavia,0.0,1.0,2321.891052600423,1696.1038923194487,1954.0679924987714,home
1979-11-14,Spain,Denmark,1.0,3.0,2268.214891745984,1667.0687000302,1953.7831807147234,home
1979-12-09,Spain,Cyprus,3.0,1.0,2238.2346027746617,1651.0807421068303,1910.7665230727066,away
1980-01-23,Spain,Netherlands,1.0,0.0,2243.9580086072383,1669.1211108192638,1897.2309785233115,home
1980-02-13,Spain,German DR,0.0,1.0,2262.5328067977375,1669.4322732501482,1918.9768376834452,home
1980-03-26,Spain,England,0.0,2.0,2243.2841612780735,1647.6145689750408,1917.9181955861618,home
1980-04-16,Spain,Czechoslovakia,2.0,2.0,2228.0270107891492,1633.4524763335742,1900.5457176318175,home
1980-05-21,Spain,Denmark,2.0,2.0,2225.6235407930876,1649.470280780238,1884.7686353029328,away
1980-06-12,Spain,Italy,0.0,0.0,2220.0018545832972,1663.3106777680557,1866.5757494381867,away
1980-06-15,Spain,Belgium,1.0,2.0,2235.6372395860644,1649.3254160463503,1889.1101928588657,away
1980-06-18,Spain,England,1.0,2.0,2191.9907318405626,1654.6530855203116,1867.7125120081462,home
1980-09-24,Spain,Hungary,2.0,2.0,2162.4916887970257,1659.2506767183343,1854.2695541038715,away
1980-10-15,Spain,German DR,0.0,0.0,2164.080335655424,1676.499939822559,1842.5778338648859,away
1980-11-12,Spain,Poland,1.0,2.0,2169.0555153071823,1661.8677857272705,1868.5295756705834,home
1981-02-18,Spain,France,1.0,0.0,2152.997794196822,1662.5141294298583,1850.469549032859,home
1981-03-25,Spain,England,2.0,1.0,2166.4307087153497,1662.4917903716125,1873.0997288074166,away
1981-04-15,Spain,Hungary,0.0,3.0,2189.698859595826,1685.4238289348993,1881.0384835722448,home
1981-06-20,Spain,Portugal,0.0,2.0,2146.3274020889457,1657.408251247633,1844.1661207665761,away
1981-06-28,Spain,Venezuela,2.0,0.0,2130.4727265493784,1640.5118379554328,1825.4373799752505,away
1981-07-02,Spain,Colombia,1.0,1.0,2134.844191352749,1633.527080939461,1833.2545592995828,away
1981-07-05,Spain,Chile,1.0,1.0,2127.5858707906254,1630.479985344678,1827.1209075160216,away
1981-07-08,Spain,Brazil,0.0,1.0,2126.896565231697,1634.3000828529869,1826.2301767538943,away
1981-09-23,Spain,Austria,0.0,0.0,2121.831191070367,1625.041008077235,1839.2971122956956,away
1981-10-14,Spain,Luxembourg,3.0,0.0,2126.4401695849624,1611.267328721262,1864.786084534302,home
1981-11-18,Spain,Poland,3.0,2.0,2128.0013275142946,1617.5128670141094,1869.631860735266,away
1981-12-16,Spain,Belgium,2.0,0.0,2151.654800549144,1658.8842799635486,1860.685375863672,home
1982-02-24,Spain,Scotland,3.0,0.0,2166.2932758909847,1677.419878761467,1874.2562685263547,home
1982-03-24,Spain,Wales,1.0,1.0,2190.85300666575,1708.5969236570186,1887.9799065551215,home
1982-04-28,Spain,Switzerland,2.0,0.0,2185.5298337027157,1706.82735842404,1882.686058356089,home
1982-06-16,Spain,Honduras,1.0,1.0,2191.5250666020806,1712.8746047662883,1892.6264964777704,home
1982-06-20,Spain,Yugoslavia,2.0,1.0,2171.23995884999,1698.8418217358737,1882.3349602718463,home
1982-06-25,Spain,Northern Ireland,0.0,1.0,2207.02993707493,1710.490871949641,1883.5537627882532,home
1982-07-02,Spain,Germany,1.0,2.0,2145.4189184897773,1683.6035832666587,1873.018256271092,home
1982-07-05,Spain,England,0.0,0.0,2119.5630175876954,1685.013637517787,1862.533469940004,home
1982-10-27,Spain,Iceland,1.0,0.0,2126.1485103353125,1669.8785139062054,1881.2510528958094,home
1982-11-17,Spain,Republic of Ireland,3.0,3.0,2134.4970265813586,1652.0613159587726,1891.5193862963272,away
1983-02-16,Spain,Netherlands,1.0,0.0,2128.293219641567,1683.6219556154806,1852.8233854766236,home
1983-04-27,Spain,Republic of Ireland,2.0,0.0,2168.5815993215565,1681.0508796213262,1869.6566593736106,home
1983-05-15,Spain,Malta,3.0,2.0,2190.238586263627,1681.3142129478977,1883.8457898505942,away
1983-05-29,Spain,Iceland,1.0,0.0,2200.3252310589346,1686.0522506437296,1852.7580810664401,away
1983-10-05,Spain,France,1.0,1.0,2214.8400273357006,1677.5520363714645,1867.0560452893856,away
1983-11-16,Spain,Netherlands,1.0,2.0,2219.2096040237657,1678.7192849901476,1879.1503194252105,away
1983-12-21,Spain,Malta,12.0,1.0,2189.9882167957135,1680.3616208308595,1862.4618368513434,home
1984-01-18,Spain,Hungary,0.0,1.0,2208.088693726624,1825.3779610217332,1848.8329428688626,home
1984-02-29,Spain,Luxembourg,1.0,0.0,2185.8888151346314,1782.640816048142,1848.91741947075,away
1984-04-11,Spain,Denmark,2.0,1.0,2187.2287565893707,1736.0165419593507,1855.8268467447863,home
1984-05-26,Spain,Switzerland,4.0,0.0,2196.1685835518256,1740.0581827195683,1853.1329047285226,away
1984-05-31,Spain,Hungary,1.0,1.0,2224.953417873668,1792.4714871323877,1868.9646095308624,away
1984-06-07,Spain,Yugoslavia,0.0,1.0,2225.0069685337,1785.41583673767,1875.0516640351295,home
1984-06-14,Spain,Romania,1.0,1.0,2205.914505936423,1750.8943583488108,1875.4126480733446,away
1984-06-17,Spain,Portugal,1.0,1.0,2199.2369203293197,1747.4986393516322,1868.946617915856,away
1984-06-20,Spain,Germany,1.0,0.0,2192.822470312921,1740.0738687358457,1866.1511366709797,away
1984-06-24,Spain,Denmark,1.0,1.0,2249.1488972118855,1741.33778146367,1889.2813157687615,away
1984-06-27,Spain,France,0.0,2.0,2241.8714557433946,1735.9066341383366,1890.39607835345,away
1984-10-17,Spain,Wales,3.0,0.0,2215.5265714595125,1719.367306114341,1883.5442284550288,home
1984-11-14,Spain,Scotland,1.0,3.0,2263.9308302332483,1756.465612384475,1895.662765097913,away
1985-01-23,Spain,Finland,3.0,1.0,2223.904748689315,1753.4221464279467,1865.254544972099,home
1985-02-27,Spain,Scotland,1.0,0.0,2226.160113381993,1754.3007529625177,1856.8769424046652,home
1985-03-27,Spain,Northern Ireland,0.0,0.0,2256.979567544166,1744.2635139813274,1880.3255419476588,home
1985-04-30,Spain,Wales,0.0,3.0,2249.448005522738,1722.5956054459323,1889.983090653103,away
1985-05-26,Spain,Republic of Ireland,0.0,0.0,2163.4001671622705,1706.72002835031,1848.9096678601986,away
1985-06-12,Spain,Iceland,2.0,1.0,2160.74676741106,1685.5875051207693,1865.8167791427366,away
1985-09-25,Spain,Iceland,2.0,1.0,2176.2654691770294,1698.2179536447911,1857.471573679703,home
1985-11-20,Spain,Austria,0.0,0.0,2184.5498891543502,1702.475639313959,1848.1191350400838,home
1985-12-18,Spain,Bulgaria,2.0,0.0,2178.9888870364607,1675.769797810135,1862.6838373486019,home
1986-01-22,Spain,Russia,2.0,0.0,2189.7919706422003,1689.402316076029,1878.0054632306515,home
1986-02-19,Spain,Belgium,3.0,0.0,2210.8519466423386,1711.494647856477,1897.689200959933,home
1986-03-26,Spain,Poland,3.0,0.0,2235.3365866216195,1742.5091743888795,1909.684818993426,home
1986-06-01,Spain,Brazil,0.0,1.0,2262.0942986465707,1768.0673252067052,1920.6521136205793,home
1986-06-07,Spain,Northern Ireland,2.0,1.0,2232.3376260004407,1748.0016063436158,1920.834422742696,away
1986-06-12,Spain,Algeria,3.0,0.0,2264.806904171499,1769.5413963156311,1912.2808591536855,away
1986-06-18,Spain,Denmark,5.0,1.0,2335.0877178037103,1796.0915104207486,1926.1128261667661,away
1986-06-22,Spain,Belgium,1.0,1.0,2431.272600072069,1867.200513244126,1932.0796521800783,home
1986-09-24,Spain,Greece,3.0,1.0,2422.4274451355463,1848.7813780410781,1930.2439232279673,home
1986-10-15,Spain,Germany,2.0,2.0,2426.448955832794,1863.1777987070318,1919.8761831145218,away
1986-11-12,Spain,Romania,1.0,0.0,2431.5123687829728,1878.198344799273,1907.8311047100278,home
1986-12-03,Spain,Albania,2.0,1.0,2453.082188607227,1857.1700869678614,1926.0699582499963,away
1987-01-21,Spain,Netherlands,1.0,1.0,2460.873935231736,1850.380557030882,1914.0966661533496,home
1987-02-18,Spain,England,2.0,4.0,2455.9538638917684,1843.4492676180005,1908.8886726765313,home
1987-04-01,Spain,Austria,3.0,2.0,2436.988479481524,1862.6652278973452,1857.1824744816754,away
1987-04-29,Spain,Romania,1.0,3.0,2468.7756975663992,1885.5847566075702,1841.9340101630557,away
1987-09-23,Spain,Luxembourg,2.0,0.0,2419.147001838509,1872.910947770457,1815.7959909806802,home
1987-10-14,Spain,Austria,2.0,0.0,2419.531575745133,1818.9041971683048,1820.506585247219,home
1987-11-18,Spain,Albania,5.0,0.0,2439.737928170693,1813.824293749384,1839.5362510781868,home
1988-01-27,Spain,German DR,0.0,0.0,2448.7510992443727,1856.334956464984,1845.9405816871592,home
1988-02-24,Spain,Czechoslovakia,1.0,2.0,2441.9968977103904,1822.192168188266,1861.188269992777,home
1988-03-23,Spain,France,1.0,2.0,2418.499503861122,1813.4937902274748,1839.3916668810311,away
1988-04-27,Spain,Scotland,0.0,0.0,2404.9942518807843,1813.3364437103223,1825.1599587936175,home
1988-06-01,Spain,Sweden,1.0,3.0,2397.39267851614,1791.5916350979448,1837.7219653603481,home
1988-06-05,Spain,Switzerland,1.0,1.0,2374.7895500803766,1790.3437103009787,1803.216174105309,away
1988-06-11,Spain,Denmark,3.0,2.0,2369.3564889313598,1787.2277391237385,1801.9119469354732,away
1988-06-14,Spain,Italy,0.0,1.0,2404.455219343886,1821.4407421948852,1785.6105136932606,away
1988-06-17,Spain,Germany,0.0,2.0,2363.515786351996,1801.7249390265818,1791.954287774701,away
1988-09-14,Spain,Yugoslavia,1.0,2.0,2334.980739091917,1785.0307645904074,1782.43898610012,home
1988-10-12,Spain,Argentina,1.0,1.0,2313.46005106687,1772.642009358984,1770.7480214817679,home
1988-11-16,Spain,Republic of Ireland,2.0,0.0,2309.500148432371,1762.962355658632,1771.316018517478,home
1988-12-21,Spain,Northern Ireland,4.0,0.0,2335.308398300181,1781.343136052568,1790.3763306075048,home
1989-01-22,Spain,Malta,2.0,0.0,2372.53828751694,1830.2009781777977,1801.394976776135,away
1989-02-08,Spain,Northern Ireland,2.0,0.0,2380.837406598415,1814.0542290486692,1813.5597337989982,away
1989-03-23,Spain,Malta,4.0,0.0,2409.294885408267,1827.3971431248567,1827.114963562607,home
1989-04-26,Spain,Republic of Ireland,0.0,1.0,2416.828643901027,1841.4800426985007,1834.698720132782,away
1989-09-20,Spain,Poland,1.0,0.0,2370.5378438531325,1824.18302070178,1834.7765520003124,home
1989-10-11,Spain,Hungary,2.0,2.0,2380.147259676361,1806.0647432348894,1854.1526998984803,away
1989-11-15,Spain,Hungary,4.0,0.0,2373.7981164432504,1813.8215007988842,1834.3408138691864,home
1989-12-13,Spain,Switzerland,2.0,1.0,2419.912386731383,1847.8242030400281,1848.5770855851117,home
1990-02-21,Spain,Czechoslovakia,1.0,0.0,2424.590291257635,1841.9796140090327,1842.6345115222364,home
1990-03-28,Spain,Austria,2.0,3.0,2435.2640292721585,1836.5219458152312,1859.253865152618,home
1990-05-26,Spain,Yugoslavia,1.0,0.0,2409.444325867234,1830.9407314924879,1819.1963529653917,away
1990-06-13,Spain,Uruguay,0.0,0.0,2427.2589155505043,1827.8458434826478,1845.1005465940027,away
1990-06-17,Spain,South Korea,3.0,1.0,2423.4256831668267,1804.021534678031,1865.706415679364,away
1990-06-21,Spain,Belgium,2.0,1.0,2464.434150240022,1836.6044655859778,1862.5855569291086,away
1990-06-26,Spain,Yugoslavia,1.0,2.0,2499.428414082877,1848.7779512555894,1866.906534475474,home
1990-09-12,Spain,Brazil,3.0,0.0,2451.7089793266564,1838.5542790725576,1848.2347039360911,home
1990-10-10,Spain,Iceland,2.0,1.0,2483.6783578051413,1872.2430053665598,1865.2711940658342,home
1990-11-14,Spain,Czechoslovakia,2.0,3.0,2490.0653166386037,1854.4688884091163,1856.6977357711396,away
1990-12-19,Spain,Albania,9.0,0.0,2449.507549026091,1870.7131736080657,1822.7982590926106,home
1991-01-16,Spain,Portugal,1.0,1.0,2460.4758443251003,1978.944982687313,1828.916523544603,home
1991-02-20,Spain,France,1.0,3.0,2452.052821972703,1957.2230048075028,1823.762140853676,away
1991-03-27,Spain,Hungary,2.0,4.0,2415.789026551176,1951.7300036247796,1792.5715501190073,home
1991-04-17,Spain,Romania,0.0,2.0,2389.8806319274354,1931.4934458543464,1741.0492664601336,home
1991-09-04,Spain,Uruguay,2.0,1.0,2365.55030492204,1892.818943125544,1727.5526988952577,home
1991-09-25,Spain,Iceland,0.0,2.0,2376.7433779238177,1897.6832660455375,1727.5540076905008,away
1991-10-12,Spain,France,1.0,2.0,2304.98894211056,1858.9156092726885,1710.9711668956327,home
1991-11-13,Spain,Czechoslovakia,2.0,1.0,2265.8009507365514,1852.602220842467,1708.1863516964002,home
1992-01-15,Spain,Portugal,0.0,0.0,2300.9118981002352,1863.6665455827356,1715.3430923875478,away
1992-02-19,Spain,Russia,1.0,1.0,2300.1204976019876,1842.0505789644417,1736.7477567389974,home
1992-03-11,Spain,United States,2.0,0.0,2301.1709327885587,1836.9503403808249,1744.044257539708,home
1992-04-22,Spain,Albania,3.0,0.0,2308.842712584773,1837.306629814939,1757.7252199307813,home
1992-09-09,Spain,England,1.0,0.0,2317.609179601636,1837.4958152800002,1765.4815760376357,home
1992-09-23,Spain,Latvia,0.0,0.0,2334.381039502217,1836.3439812592187,1786.9317200582539,away
1992-10-14,Spain,Northern Ireland,0.0,0.0,2306.6523222090514,1773.1702729182764,1797.663362185856,away
1992-11-18,Spain,Republic of Ireland,0.0,0.0,2295.355298807412,1747.8991182469135,1816.7688871302526,home
1992-12-16,Spain,Latvia,5.0,0.0,2286.6757638595377,1728.8529567877742,1836.955108607421,home
1993-01-27,Spain,Mexico,1.0,1.0,2304.6778608992704,1772.4620110635442,1843.9436813679647,home
1993-02-24,Spain,Lithuania,5.0,0.0,2302.8338233123304,1766.0596733212155,1848.4497832762727,home
1993-03-31,Spain,Denmark,0.0,1.0,2319.6169083390596,1804.3055620596126,1855.7121323284855,away
1993-04-28,Spain,Northern Ireland,3.0,1.0,2289.3122741392085,1787.5802971621893,1856.3653121995233,home
1993-06-02,Spain,Lithuania,2.0,0.0,2306.7765786955897,1808.866539016264,1849.0601976723592,away
1993-09-08,Spain,Chile,2.0,0.0,2320.687999316294,1797.8058882662926,1859.5803390240926,home
1993-09-22,Spain,Albania,5.0,1.0,2330.096319198733,1802.9091665731294,1874.4764975701921,away
1993-10-13,Spain,Republic of Ireland,3.0,1.0,2348.5251882958833,1854.2359899018206,1862.931599601895,away
1993-11-17,Spain,Denmark,1.0,0.0,2400.460819453063,1891.193813666792,1865.771286066995,home
1994-01-19,Spain,Portugal,2.0,2.0,2434.640679588111,1885.814413598209,1880.983499740126,home
1994-02-09,Spain,Poland,1.0,1.0,2427.7577924088414,1895.7835954145994,1858.2302673187294,home
1994-03-23,Spain,Croatia,0.0,2.0,2418.3765487055416,1873.4828659302182,1850.97200545158,home
1994-06-02,Spain,Finland,2.0,1.0,2389.107338709235,1824.6486950683493,1830.8758068350803,away
1994-06-10,Spain,Canada,2.0,0.0,2396.169285633012,1833.4797651370252,1825.200320516931,away
1994-06-17,Spain,South Korea,2.0,2.0,2407.305550743334,1832.69103110375,1842.0990564562285,home
1994-06-21,Spain,Germany,1.0,1.0,2405.0895022446794,1844.2564964140279,1826.2351652996924,away
1994-06-27,Spain,Bolivia,3.0,1.0,2418.7656740293696,1840.528513051741,1842.7615854654478,away
1994-07-02,Spain,Switzerland,3.0,0.0,2436.240231574848,1870.7731159259022,1836.5070283204657,home
1994-07-09,Spain,Italy,1.0,2.0,2505.8826790504895,1901.062309808414,1859.4536355577027,away
1994-09-07,Spain,Cyprus,2.0,1.0,2468.9178579408676,1902.3328843685713,1841.6784468324727,away
1994-10-12,Spain,North Macedonia,2.0,0.0,2473.3287438457273,1887.3276014883243,1832.6196429890754,away
1994-11-16,Spain,Denmark,3.0,0.0,2492.8975802211858,1873.7050039724777,1848.829800040308,home
1994-11-30,Spain,Finland,2.0,0.0,2553.6925530022636,1905.5997989692858,1865.8612252267776,home
1994-12-17,Spain,Belgium,4.0,1.0,2556.664500758531,1891.143390856034,1876.6153225076275,away
1995-01-18,Spain,Uruguay,2.0,2.0,2628.321474922786,1941.9714712803993,1875.492956318632,home
1995-02-22,Spain,Germany,0.0,0.0,2619.422341847876,1937.7926261492164,1851.176074918191,home
1995-03-29,Spain,Belgium,1.0,1.0,2618.917114907624,1905.8059974467376,1871.2959386010466,home
1995-04-26,Spain,Armenia,2.0,0.0,2596.288138388519,1885.6740448625437,1865.908281071083,away
1995-06-07,Spain,Armenia,1.0,0.0,2608.3478250190215,1873.5281643324465,1875.470863136613,home
1995-09-06,Spain,Cyprus,6.0,0.0,2613.5155749903934,1827.09511923904,1882.6890282726183,home
1995-09-20,Spain,Argentina,2.0,1.0,2618.994215652462,1874.841860093693,1891.0924780195376,home
1995-10-11,Spain,Denmark,1.0,1.0,2629.696329118138,1880.4841821430002,1892.8168092655355,away
1995-11-15,Spain,North Macedonia,3.0,0.0,2633.144819885683,1881.7624861775157,1896.4299334994464,home
1996-02-07,Spain,Norway,1.0,0.0,2644.8119683808786,1871.5044759516004,1906.1729673593686,home
1996-04-24,Spain,Norway,0.0,0.0,2651.934152399551,1862.4818663821975,1919.149851671064,away
1996-06-09,Spain,Bulgaria,1.0,1.0,2648.3323119392808,1843.9937816561232,1935.9045849506067,home
1996-06-15,Spain,France,1.0,1.0,2635.278618628953,1832.1993620971098,1935.3702512597479,away
1996-06-18,Spain,Romania,2.0,1.0,2636.8453234412577,1835.7710298571442,1936.0281633118918,away
1996-06-22,Spain,England,0.0,0.0,2665.409574822811,1847.9543847545272,1932.5056400345627,away
1996-09-04,Spain,Faroe Islands,6.0,2.0,2669.773432626723,1831.7130230317214,1957.1479633685199,away
1996-10-09,Spain,Czech Republic,0.0,0.0,2679.5602753186467,1858.7582879912009,1927.3692016417185,away
1996-11-13,Spain,Slovakia,4.0,1.0,2664.882653041067,1833.6298712854748,1951.577270781493,home
1996-12-14,Spain,Serbia,2.0,0.0,2682.5650181964697,1856.8263185243745,1943.1666994124116,home
1996-12-18,Spain,Malta,3.0,0.0,2693.5959674674355,1858.0673579393238,1956.6785952788439,away
1997-02-12,Spain,Malta,4.0,0.0,2699.6255225951336,1843.8713560618849,1961.923046664459,home
1997-04-30,Spain,Serbia,1.0,1.0,2702.72355525074,1831.071886270903,1965.7589136798335,away
1997-06-08,Spain,Czech Republic,1.0,0.0,2684.0146556535424,1826.8166734464028,1964.632800731294,home
1997-09-24,Spain,Slovakia,2.0,1.0,2697.453291609973,1815.5224310191645,1978.9619490803134,away
1997-10-11,Spain,Faroe Islands,3.0,1.0,2715.0972317882865,1821.5470526414938,1974.2136058795418,home
1997-11-19,Spain,Romania,1.0,1.0,2716.996180892776,1786.6574965964944,1961.2630599369304,home
1998-01-28,Spain,France,0.0,1.0,2710.340210467657,1781.095202648943,1958.4200862357854,away
1998-03-25,Spain,Sweden,4.0,0.0,2696.8779596095446,1769.9387803094394,1962.5998469961855,home
1998-06-03,Spain,Northern Ireland,4.0,1.0,2716.1667646926444,1818.4121727085044,1971.6331739718162,home
1998-06-13,Spain,Nigeria,2.0,3.0,2722.649312421295,1857.2561056483862,1961.1143963278503,home
1998-06-19,Spain,Paraguay,0.0,0.0,2665.1487794896952,1860.5768686972074,1916.1389014088327,home
1998-06-24,Spain,Bulgaria,6.0,1.0,2643.1941411401385,1828.8272481431804,1930.600690289418,home
1998-09-05,Spain,Cyprus,2.0,3.0,2710.4151170905707,1914.4315753588937,1926.7509957955244,away
1998-09-23,Spain,Russia,1.0,0.0,2635.995703171423,1897.027427733506,1881.056288597201,home
1998-10-14,Spain,Israel,2.0,1.0,2645.0236287932003,1880.688932198063,1896.1372629259547,away
1998-11-18,Spain,Italy,2.0,2.0,2664.444769387285,1888.238933264354,1897.3891871824692,away
1999-03-27,Spain,Austria,9.0,0.0,2668.551332862046,1909.4513485429416,1883.5138213511718,home
1999-03-31,Spain,San Marino,6.0,0.0,2723.3985509430677,2030.4839582942648,1900.3169209816256,away
1999-05-05,Spain,Croatia,3.0,1.0,2728.7680287966105,1980.305360958071,1905.5924061559479,home
1999-06-05,Spain,San Marino,9.0,0.0,2738.421826096802,1989.156967904024,1907.4067543884519,home
1999-08-18,Spain,Poland,2.0,1.0,2741.432896390851,1969.4431218325267,1911.1712410357209,away
1999-09-04,Spain,Austria,3.0,1.0,2750.4996162104735,1967.5284322468146,1909.8690149172064,away
1999-09-08,Spain,Cyprus,8.0,0.0,2772.765388615707,1966.917782281686,1911.0385989179983,home
1999-10-10,Spain,Israel,3.0,0.0,2783.431814234249,2035.6622620676449,1920.749991507025,home
1999-11-13,Spain,Brazil,0.0,0.0,2802.8721946233873,2039.6196710273775,1938.687547852282,home
1999-11-17,Spain,Argentina,0.0,2.0,2805.2799863858904,2003.2407762483822,1971.9068914718164,home
2000-01-26,Spain,Poland,3.0,0.0,2779.470548806445,1971.3588837952518,1951.68305445872,home
2000-02-23,Spain,Croatia,0.0,0.0,2788.568794489832,1975.6532312923748,1962.249877513818,away
2000-03-29,Spain,Italy,2.0,0.0,2786.49982883924,1942.101504670591,1980.3735577092423,home
2000-06-03,Spain,Sweden,1.0,1.0,2798.0306295224505,1952.7390207321212,1991.7752225585834,away
2000-06-07,Spain,Luxembourg,1.0,0.0,2797.086464890188,1950.935125428701,1984.5675262707382,away
2000-06-13,Spain,Norway,0.0,1.0,2797.5685249560065,1886.5316741707773,1988.733876409662,home
2000-06-18,Spain,Slovenia,2.0,1.0,2747.6620699124915,1862.4560903141721,1985.3869417568426,away
2000-06-21,Spain,Serbia,4.0,3.0,2757.4502451892336,1854.396309778765,1980.9473117103516,away
2000-06-25,Spain,France,1.0,2.0,2785.4186674944644,1907.1867261108407,1941.1004013192114,home
2000-08-16,Spain,Germany,1.0,4.0,2750.602495912971,1902.898689047494,1929.5148822240642,away
2000-09-02,Spain,Bosnia and Herzegovina,2.0,1.0,2716.908764580199,1893.2512787837056,1880.068278102492,away
2000-10-07,Spain,Israel,2.0,0.0,2729.4645341023197,1888.3735669620098,1874.0745943017935,home
2000-10-11,Spain,Austria,1.0,1.0,2738.984622453494,1876.7481927109957,1888.3517597276737,away
2000-11-15,Spain,Netherlands,1.0,2.0,2720.046200803341,1849.7595311204732,1890.562703670453,home
2001-02-28,Spain,England,0.0,3.0,2701.348458543722,1841.7806108943823,1879.5690749719795,away
2001-03-24,Spain,Liechtenstein,5.0,0.0,2667.8694576651333,1827.415731109625,1845.6850358250672,home
2001-03-28,Spain,France,2.0,1.0,2670.711314946852,1827.9202847570275,1850.2235392123698,home
2001-04-25,Spain,Japan,1.0,0.0,2688.837229050302,1844.8155658852068,1861.5744055077848,home
2001-06-02,Spain,Bosnia and Herzegovina,4.0,1.0,2698.14383611287,1829.4333176143368,1881.3438912899803,home
2001-06-06,Spain,Israel,1.0,1.0,2712.939441076734,1862.8781202946923,1872.3822586362467,away
2001-09-01,Spain,Austria,4.0,0.0,2690.496010138256,1847.86595625424,1872.4998808576536,home
2001-09-05,Spain,Liechtenstein,2.0,0.0,2719.14228015048,1873.181298998725,1886.560477705872,away
2001-11-14,Spain,Mexico,1.0,0.0,2721.312532629454,1833.8667594996562,1891.6839804492226,home
2002-02-13,Spain,Portugal,1.0,1.0,2731.0399026703,1823.034736278416,1910.4265080094,home
2002-03-27,Spain,Netherlands,0.0,1.0,2727.41478064979,1819.1329231314426,1914.8274738526504,away
2002-04-17,Spain,Northern Ireland,5.0,0.0,2714.895197351158,1802.9936020098662,1922.41486102336,away
2002-06-02,Spain,Slovenia,3.0,1.0,2726.553751345668,1857.6930612922351,1932.6004064075526,home
2002-06-07,Spain,Paraguay,3.0,1.0,2743.1235394376267,1881.1831755129424,1927.881956248807,home
2002-06-12,Spain,South Africa,3.0,2.0,2765.2180798144173,1898.3073740020457,1927.6457203146747,away
2002-06-16,Spain,Republic of Ireland,1.0,1.0,2782.9063638184434,1923.5090396797686,1899.375110047041,home
2002-06-22,Spain,South Korea,0.0,0.0,2772.791924770916,1918.5693565874774,1901.727508715457,away
2002-08-21,Spain,Hungary,1.0,1.0,2768.5113423171924,1893.8720457738061,1923.706959307826,away
2002-09-07,Spain,Greece,2.0,0.0,2757.606597374172,1865.1433847798085,1919.813617714138,away
2002-10-12,Spain,Northern Ireland,3.0,0.0,2779.704717875106,1870.1441307417274,1937.0696349127413,home
2002-10-16,Spain,Paraguay,0.0,0.0,2789.472317929629,1866.625912966345,1944.2481961588135,home
2002-11-20,Spain,Bulgaria,1.0,0.0,2779.154939693505,1834.0947893829739,1958.8744257734793,home
2003-02-12,Spain,Germany,3.0,1.0,2784.211489697899,1817.543445045823,1969.0787519607663,home
2003-03-29,Spain,Ukraine,2.0,2.0,2797.140012037169,1843.3992223181126,1967.4106719190852,away
2003-04-02,Spain,Armenia,3.0,0.0,2775.42405299906,1856.6378136981502,1941.2181422816545,home
2003-04-30,Spain,Ecuador,4.0,0.0,2782.4403626483722,1852.6411449965187,1947.9241172368772,home
2003-06-07,Spain,Greece,0.0,1.0,2794.376553715703,1895.4585585593722,1958.3133640594565,home
2003-06-11,Spain,Northern Ireland,0.0,0.0,2724.6163184556867,1852.0941222406036,1950.987159537903,away
2003-09-06,Spain,Portugal,3.0,0.0,2693.883387149497,1811.3764855815643,1958.8173921602431,away
2003-09-10,Spain,Ukraine,2.0,1.0,2731.4596249964925,1849.2156148502124,1978.7816272112589,home
2003-10-11,Spain,Armenia,4.0,0.0,2741.4774114613197,1850.7490654444682,1968.1366575881832,away
2003-11-15,Spain,Norway,2.0,1.0,2759.596066505922,1881.2518570330835,1977.2083941195574,home
2003-11-19,Spain,Norway,3.0,0.0,2774.6677605317323,1890.7656655270835,1966.443520873013,away
2004-02-18,Spain,Peru,2.0,1.0,2827.8580639139254,1925.4092879418681,1977.9843184150534,home
2004-03-31,Spain,Denmark,2.0,0.0,2831.3812422798674,1920.5964489819057,1972.4004050218832,home
2004-04-28,Spain,Italy,1.0,1.0,2841.2495390054105,1921.6338761473194,1986.4059246564784,away
2004-06-05,Spain,Andorra,4.0,0.0,2841.935714307371,1921.9637003566058,1987.676133244609,home
2004-06-12,Spain,Russia,1.0,0.0,2842.8424109491257,1908.8364476283539,1991.2430497812647,home
2004-06-16,Spain,Greece,1.0,1.0,2864.2943751878906,1893.0815155484584,2005.9485283133806,away
2004-06-20,Spain,Portugal,0.0,1.0,2842.5298433609023,1884.318158680435,1998.9315371250893,away
2004-08-18,Spain,Venezuela,3.0,2.0,2800.641269588493,1859.169963281032,2001.2471792488145,home
2004-09-03,Spain,Scotland,1.0,1.0,2802.7362980326434,1878.249518203361,1974.6232931911795,home
2004-09-08,Spain,Bosnia and Herzegovina,1.0,1.0,2790.7156042310144,1847.9539315808331,1964.521575949842,away
2004-10-09,Spain,Belgium,2.0,0.0,2765.3179858787685,1837.9668153091252,1956.720444689978,home
2004-10-13,Spain,Lithuania,0.0,0.0,2784.3382772012806,1839.8821128625018,1970.0836229994277,away
2004-11-17,Spain,England,1.0,0.0,2750.6707694544925,1795.2261419659808,1981.8678883100724,home
2005-02-09,Spain,San Marino,5.0,0.0,2763.8768960274647,1791.172838972401,1998.703664542755,home
2005-03-26,Spain,China,3.0,0.0,2765.330552858867,1785.3887507989039,2001.2260625796107,home
2005-03-30,Spain,Serbia,0.0,0.0,2778.3103372862442,1812.0453886319492,2011.8715082124195,away
2005-06-04,Spain,Lithuania,1.0,0.0,2764.987334794069,1788.935427138074,2025.9868653835322,home
2005-06-08,Spain,Bosnia and Herzegovina,1.0,1.0,2768.734169235962,1765.2021395931824,2032.962067805608,home
2005-08-17,Spain,Uruguay,2.0,0.0,2735.9610966849987,1748.8558814940293,2021.2369370805789,home
2005-09-03,Spain,Canada,2.0,1.0,2743.18188271562,1759.0023012938736,2033.752852343705,home
2005-09-07,Spain,Serbia,1.0,1.0,2747.070604758746,1762.0034847258707,2022.5467936301766,home
2005-10-08,Spain,Belgium,2.0,0.0,2722.406635315498,1753.9753817610529,2013.7412304917034,away
2005-10-12,Spain,San Marino,6.0,0.0,2754.225504123835,1768.5205513338349,2030.0872237046292,away
2005-11-12,Spain,Slovakia,5.0,1.0,2757.6603727574875,1801.465517415999,2033.299015484707,home
2005-11-16,Spain,Slovakia,1.0,1.0,2781.021747757455,1869.1879349625622,2022.7141221117643,away
2006-03-01,Spain,Ivory Coast,3.0,2.0,2759.0977923937494,1860.0700248633327,2015.5088400778845,home
2006-05-27,Spain,Russia,0.0,0.0,2767.311644360808,1882.4956579498826,1991.6935619813426,home
2006-06-03,Spain,Egypt,2.0,0.0,2757.3638397543423,1847.5577152114552,2001.3176669491656,home
2006-06-07,Spain,Croatia,2.0,1.0,2767.068161385022,1852.4679711975405,2013.9418985351929,home
2006-06-14,Spain,Ukraine,4.0,0.0,2779.16888269923,1864.6141861672502,2010.3931854530779,home
2006-06-19,Spain,Tunisia,3.0,1.0,2825.511239215374,1919.3372196015737,2021.3622396989506,home
2006-06-23,Spain,Saudi Arabia,1.0,0.0,2849.2293258120353,1941.1906096741207,2015.4636211146385,away
2006-06-27,Spain,France,1.0,3.0,2864.4397737758486,1908.23512430927,2024.42213410214,home
2006-08-15,Spain,Iceland,0.0,0.0,2822.8753908078115,1910.6784776091247,1981.1464118200993,away
2006-09-02,Spain,Liechtenstein,4.0,0.0,2810.710869971705,1860.487749907723,1994.4694662624372,home
2006-09-06,Spain,Northern Ireland,2.0,3.0,2812.5788044138726,1870.1392465024335,1998.2790862889462,away
2006-10-07,Spain,Sweden,0.0,2.0,2740.039354271537,1870.0111774174334,1949.330444300975,away
2006-10-11,Spain,Argentina,2.0,1.0,2696.874428454294,1847.6254265255902,1929.3002142362636,home
2006-11-15,Spain,Romania,0.0,1.0,2712.0469039518416,1858.8147587686929,1933.8218544622991,home
2007-02-07,Spain,England,1.0,0.0,2689.1998355557203,1833.1473450910587,1930.4236139933596,away
2007-03-24,Spain,Denmark,2.0,1.0,2709.4301541732916,1835.146000276124,1953.544452389894,home
2007-03-28,Spain,Iceland,1.0,0.0,2736.1450059484637,1846.3699819980739,1953.593461744131,home
2007-06-02,Spain,Latvia,2.0,0.0,2741.3806215458617,1806.8243677035848,1964.4625228060534,away
2007-06-06,Spain,Liechtenstein,2.0,0.0,2750.373194005798,1811.33531132566,1973.753921387995,away
2007-08-22,Spain,Greece,3.0,2.0,2752.7008832489173,1796.4686971101944,1979.4512859335887,away
2007-09-08,Spain,Iceland,1.0,1.0,2765.240039614501,1832.7857734978525,1955.880741599153,away
2007-09-12,Spain,Latvia,2.0,0.0,2734.624573260571,1808.0062144565686,1949.533993055456,home
2007-10-13,Spain,Denmark,3.0,1.0,2738.969648585928,1800.2606014152586,1956.3779913496062,away
2007-10-17,Spain,Finland,0.0,0.0,2778.991540527052,1837.3641514581589,1958.412333273357,away
2007-11-17,Spain,Sweden,3.0,0.0,2771.2859490853207,1815.7605575030946,1969.258846793659,home
2007-11-21,Spain,Northern Ireland,1.0,0.0,2821.7288792105755,1847.8200534842765,1982.6285583446074,home
2008-02-06,Spain,France,1.0,0.0,2827.294473449906,1826.5653696259922,1991.0979139224555,home
2008-03-26,Spain,Italy,1.0,0.0,2841.8628708766946,1830.2202339767512,2004.7440628581808,home
2008-05-31,Spain,Peru,2.0,1.0,2855.717378586911,1827.613505323515,2018.1487754808365,home
2008-06-04,Spain,United States,1.0,0.0,2858.6265288361574,1823.5547301523782,2010.1737027890897,home
2008-06-10,Spain,Russia,4.0,1.0,2866.9070285910257,1816.345001978262,2023.180733173219,home
2008-06-14,Spain,Sweden,2.0,1.0,2907.9369305294626,1866.1098829898883,2019.6003053740096,away
2008-06-18,Spain,Greece,2.0,1.0,2934.3514371438705,1881.160885520169,2012.1759649836085,away
2008-06-22,Spain,Italy,0.0,0.0,2953.4924101848896,1888.7416288257689,2005.5470350820528,home
2008-06-26,Spain,Russia,3.0,0.0,2949.714779252572,1865.926146637543,2022.5396984015847,away
2008-06-29,Spain,Germany,1.0,0.0,2993.1131671364888,1894.3186077573093,2040.1720897008518,away
2008-08-20,Spain,Denmark,3.0,0.0,3028.2230003660625,1887.2048293897114,2060.004815880491,away
2008-09-06,Spain,Bosnia and Herzegovina,1.0,0.0,3048.403036842866,1915.6974216994927,2075.26637219544,home
2008-09-10,Spain,Armenia,4.0,0.0,3052.266836957937,1864.7360706396043,2082.6667187524463,home
2008-10-11,Spain,Estonia,3.0,0.0,3057.3838458010528,1897.2710181832472,2086.8464790958406,away
2008-10-15,Spain,Belgium,2.0,1.0,3063.1461738302355,1897.005377123941,2093.029723440689,away
2008-11-19,Spain,Chile,3.0,0.0,3077.594738569459,1896.0870459971277,2085.187071490669,home
2009-02-11,Spain,England,2.0,0.0,3086.169649029235,1921.2814487330863,2094.1148149281885,home
2009-03-28,Spain,Turkey,1.0,0.0,3096.8703649374525,1930.9272626847471,2108.069931531344,home
2009-04-01,Spain,Turkey,2.0,1.0,3110.047172719669,1909.5633623686367,2118.012857092681,away
2009-06-09,Spain,Azerbaijan,6.0,0.0,3133.530514569182,1920.1908573867665,2111.6769179757607,away
2009-06-14,Spain,New Zealand,5.0,0.0,3136.2566815020323,1987.4941402559698,2115.6989630813173,away
2009-06-17,Spain,Iraq,1.0,0.0,3172.762371310845,2017.228852862243,2126.9955767219963,home
2009-06-20,Spain,South Africa,2.0,0.0,3180.8541972143225,1984.145504985099,2133.18729846251,away
2009-06-24,Spain,United States,0.0,2.0,3193.578740867289,1985.6746757666076,2140.801662559305,home
2009-06-28,Spain,South Africa,3.0,2.0,3128.1227529718453,1949.1094203739494,2116.643093385471,away
2009-08-12,Spain,North Macedonia,3.0,2.0,3140.266354967439,1974.3442723984213,2086.2775373532054,away
2009-09-05,Spain,Belgium,5.0,0.0,3142.7292212464176,1991.8958585413573,2059.242626040619,home
2009-09-09,Spain,Estonia,3.0,0.0,3155.666524935737,2010.2897791455414,2068.068762893219,home
2009-10-10,Spain,Armenia,2.0,1.0,3158.3932772215167,1990.9484558720908,2073.1506182276207,away
2009-10-14,Spain,Bosnia and Herzegovina,5.0,2.0,3161.6016340752462,1969.1918064934248,2059.7225951366713,away
2009-11-14,Spain,Argentina,2.0,1.0,3182.8852823994407,2017.1418655766026,2038.3594576677667,home
2009-11-18,Spain,Austria,5.0,1.0,3189.664464745694,2017.7397714303634,2033.3639129384717,away
2010-03-03,Spain,France,2.0,0.0,3197.4536363703864,2052.929681252955,2027.752104718464,away
2010-05-29,Spain,Saudi Arabia,3.0,2.0,3211.1636302638212,2064.175392314975,2042.7370949475012,home
2010-06-03,Spain,South Korea,1.0,0.0,3217.3560041014634,2079.380982698889,2016.9686961083005,home
2010-06-08,Spain,Poland,6.0,0.0,3223.817262784293,2062.292514788622,2030.3285905964221,home
2010-06-16,Spain,Switzerland,0.0,1.0,3231.2227478085756,2119.819766722121,2040.3424034987045,home
2010-06-21,Spain,Honduras,2.0,0.0,3162.1439198345042,2064.9355842703035,2032.5104834372073,home
2010-06-25,Spain,Chile,2.0,1.0,3176.954176272909,2054.454189998344,2043.5193073040384,away
2010-06-29,Spain,Portugal,1.0,0.0,3195.1689462591107,2057.777642310341,2039.204273383093,home
2010-07-03,Spain,Paraguay,1.0,0.0,3218.16871556622,2046.936052891651,2054.8094145645573,away
2010-07-07,Spain,Germany,1.0,0.0,3232.934127641545,2032.302364723586,2064.837443765114,away
2010-07-11,Spain,Netherlands,1.0,0.0,3265.793012785252,2021.7537978235416,2085.6364098912454,away
2010-08-11,Spain,Mexico,1.0,1.0,3302.8055902798797,2015.3106665421476,2106.2195594380087,away
2010-09-03,Spain,Liechtenstein,4.0,0.0,3297.5834553769264,2005.7000458068705,2104.341449325336,away
2010-09-07,Spain,Argentina,1.0,4.0,3299.4673454097533,1994.802506170061,2108.139297501391,away
2010-10-08,Spain,Lithuania,3.0,1.0,3258.344535226393,1986.080349533167,2056.742396953792,home
2010-10-12,Spain,Scotland,3.0,2.0,3261.4839370750574,1990.3459354596398,2044.1194705076853,away
2010-11-17,Spain,Portugal,0.0,4.0,3271.976761035198,2006.825490479037,2015.7893045049973,away
2011-02-09,Spain,Colombia,1.0,0.0,3221.3205105933266,1981.5996840339058,1964.4912112887994,home
2011-03-25,Spain,Czech Republic,2.0,1.0,3224.3522604152313,1964.0703467598662,1975.4120974892962,home
2011-03-29,Spain,Lithuania,3.0,1.0,3235.718573119039,1962.0510770923959,1967.7678730073424,away
2011-06-04,Spain,United States,4.0,0.0,3242.6903865758904,1982.1794152370376,1959.6550519460175,away
2011-06-07,Spain,Venezuela,3.0,0.0,3262.2173924873928,2018.3840705233677,1977.8306349353138,away
2011-08-10,Spain,Italy,1.0,2.0,3270.731295392976,2032.4920286356826,1992.6075432414345,away
2011-09-02,Spain,Chile,3.0,2.0,3249.700183041744,2024.5181890152471,1974.7768014306298,home
2011-09-06,Spain,Liechtenstein,6.0,0.0,3256.4792811182656,2050.7832561061105,1956.502224256409,home
2011-10-07,Spain,Czech Republic,2.0,0.0,3257.8859423068857,2064.490742927322,1960.7834101129447,away
2011-10-11,Spain,Scotland,3.0,1.0,3279.6789738259204,2065.527656177892,1977.2346842297927,home
2011-11-12,Spain,England,0.0,1.0,3286.101022398171,2061.5837645795173,1968.9273595699533,away
2011-11-15,Spain,Costa Rica,2.0,2.0,3266.4967526911855,2030.4517233495806,1973.8171493333198,away
2012-02-29,Spain,Venezuela,5.0,0.0,3255.3348951873418,2022.5363584523031,1951.5985598004067,home
2012-05-26,Spain,Serbia,2.0,0.0,3261.498747109023,2060.534396361781,1961.8095415797186,home
2012-05-30,Spain,South Korea,4.0,1.0,3266.098125866397,2056.0852190532883,1973.3114953306535,home
2012-06-03,Spain,China,1.0,0.0,3279.33482299363,2084.4420752054716,1971.6772721278771,home
2012-06-10,Spain,Italy,1.0,1.0,3282.284617373571,2040.7856235382276,1982.6728169566802,home
2012-06-14,Spain,Republic of Ireland,4.0,0.0,3261.763567547268,2027.6175181711778,1977.974620477974,home
2012-06-18,Spain,Croatia,1.0,0.0,3290.958533632949,2068.5454241526177,1991.2271635480015,away
2012-06-23,Spain,France,2.0,0.0,3309.5195262185875,2045.4966618146364,2008.913920129493,home
2012-06-27,Spain,Portugal,0.0,0.0,3329.6295527334687,2056.3319599268566,2023.9432334500148,away
2012-07-01,Spain,Italy,4.0,0.0,3309.979999353731,2020.6423308628835,2042.7196622544723,home
2012-08-15,Spain,Puerto Rico,2.0,1.0,3360.5552158127484,2069.8782506754333,2055.8241870422944,away
2012-09-07,Spain,Saudi Arabia,5.0,0.0,3361.036202491208,2007.2612548424872,2042.4785002712113,home
2012-09-11,Spain,Georgia,1.0,0.0,3366.3158786974373,2046.5884070951229,2050.3232229281352,away
2012-10-12,Spain,Belarus,4.0,0.0,3369.8511273197964,2010.818013364444,2059.449518768021,away
2012-10-16,Spain,France,1.0,1.0,3382.2599846969797,2044.5661851211305,2069.197963688731,home
2012-11-14,Spain,Panama,5.0,1.0,3353.9420453145776,2032.6837635125416,2060.6332584728652,away
2013-02-06,Spain,Uruguay,3.0,1.0,3364.120032727724,2090.4199649664606,2052.9820838367123,home
2013-03-22,Spain,Finland,1.0,1.0,3369.785973628088,2094.779626326413,2053.0878930445215,home
2013-03-26,Spain,France,1.0,0.0,3333.0598886892476,2033.6936151821335,2043.7033377004843,away
2013-06-08,Spain,Haiti,2.0,1.0,3357.8838926955696,2029.2218979323716,2060.0922902629322,away
2013-06-11,Spain,Republic of Ireland,2.0,0.0,3359.4231502347166,1998.0446121261248,2048.241103513695,home
2013-06-16,Spain,Uruguay,2.0,1.0,3363.826216115108,1997.8525119466221,2060.3231447494964,home
2013-06-20,Spain,Tahiti,10.0,0.0,3376.67129389042,1997.4065842188234,2057.6331220681495,home
2013-06-23,Spain,Nigeria,3.0,0.0,3391.417400948871,2100.861288596493,2066.1073532507794,away
2013-06-27,Spain,Italy,0.0,0.0,3413.365823079912,2106.879329582712,2079.128874966146,home
2013-06-30,Spain,Brazil,0.0,3.0,3392.042620355474,2058.962146336377,2094.1306814364684,away
2013-08-14,Spain,Ecuador,2.0,0.0,3316.742801816999,2033.4963656194734,2068.1586499834043,away
2013-09-06,Spain,Finland,2.0,0.0,3324.625260848428,2037.882411956,2088.5598016976132,away
2013-09-10,Spain,Chile,2.0,2.0,3334.170980893692,2034.9305679431395,2100.9962887540673,home
2013-10-11,Spain,Belarus,2.0,1.0,3324.313687006068,2033.3665876997536,2083.951380700947,home
2013-10-15,Spain,Georgia,2.0,0.0,3327.1380402506807,2008.0469373161072,2072.5156633894953,home
2013-11-16,Spain,Equatorial Guinea,2.0,1.0,3328.991785084523,1982.4299033271413,2078.2289188388204,away
2013-11-19,Spain,South Africa,0.0,1.0,3329.768665611329,1938.2657643014975,2065.9651512963537,away
2014-03-05,Spain,Italy,1.0,0.0,3301.487895647056,1910.4602485003902,2057.2195798528774,home
2014-05-30,Spain,Bolivia,2.0,0.0,3307.746148815182,1895.678734680997,2069.460384914575,home
2014-06-07,Spain,El Salvador,2.0,0.0,3309.1719938750907,1882.396695098816,2077.4079824860273,away
2014-06-13,Spain,Netherlands,1.0,5.0,3311.4259934665115,1871.5791572988398,2085.022912001764,home
2014-06-18,Spain,Chile,0.0,2.0,3194.3765489213856,1870.466946527974,2005.7890070977878,home
2014-06-23,Spain,Australia,3.0,0.0,3130.6347350428387,1847.3388926273526,1995.3669812861315,away
2014-09-04,Spain,France,0.0,1.0,3166.097272674286,1865.1151914606771,2013.4570389423916,away
2014-09-08,Spain,North Macedonia,5.0,1.0,3148.1182910805956,1852.351899614579,2021.4134567516585,home
2014-10-09,Spain,Slovakia,1.0,2.0,3154.282295447198,1904.556320953364,2008.646652417637,away
2014-10-12,Spain,Luxembourg,4.0,0.0,3084.8632469320382,1899.2784555358805,1981.7340719658573,away
2014-11-15,Spain,Belarus,3.0,0.0,3087.1463002659802,1911.6165783997299,1987.9030589808576,home
2014-11-18,Spain,Germany,0.0,1.0,3095.0274384438726,1919.0659789212511,1998.6040052161734,home
2015-03-27,Spain,Ukraine,1.0,0.0,3079.1110700595536,1890.1230867434779,2000.009325609687,home
2015-03-31,Spain,Netherlands,0.0,2.0,3091.9259888585148,1883.310896669309,2011.8387546915992,away
2015-06-11,Spain,Costa Rica,2.0,1.0,3077.2738377296264,1865.208809599938,1998.5442573828382,home
2015-06-14,Spain,Belarus,1.0,0.0,3083.1326749033406,1872.3859549392548,1994.2320642272284,away
2015-09-05,Spain,Slovakia,2.0,0.0,3092.018381961115,1854.4275910880785,2009.566343349236,home
2015-09-08,Spain,North Macedonia,1.0,0.0,3100.8082971605763,1865.1621154454808,2020.0577045919406,away
2015-10-09,Spain,Luxembourg,4.0,0.0,3105.575209438236,1846.251018413077,2028.1707320542107,home
2015-10-12,Spain,Ukraine,1.0,0.0,3106.6631949259818,1854.341104915127,2032.0144192141008,away
2015-11-13,Spain,England,2.0,0.0,3129.921779062584,1856.0125878219576,2046.7386787646321,home
2016-03-24,Spain,Italy,1.0,1.0,3140.330075330556,1871.852297144538,2060.652799011886,away
2016-03-27,Spain,Romania,0.0,0.0,3136.9136927967916,1867.9595653454937,2056.287453899554,away
2016-05-29,Spain,Bosnia and Herzegovina,3.0,1.0,3128.326347573434,1848.007270408551,2067.905610660476,away
2016-06-01,Spain,South Korea,6.0,1.0,3133.5160849841072,1875.096263171191,2062.2390643311937,home
2016-06-07,Spain,Georgia,0.0,1.0,3155.040489805479,1961.836876532653,2053.588775578111,home
2016-06-13,Spain,Czech Republic,1.0,0.0,3124.048042193089,1896.8161559760786,2042.4003767165952,home
2016-06-17,Spain,Turkey,3.0,0.0,3139.5949360562636,1881.6080895941755,2058.6169421176255,home
2016-06-21,Spain,Croatia,1.0,2.0,3170.434778411724,1913.0462680768132,2071.2135788757064,away
2016-06-27,Spain,Italy,0.0,2.0,3111.1176206529562,1906.5732970596223,2048.8907270795544,away
2016-09-01,Spain,Belgium,2.0,0.0,3051.336544701721,1880.5381066083266,2023.6794266789589,away
2016-09-05,Spain,Liechtenstein,8.0,0.0,3065.3292236379507,1893.8456729419825,2044.7710600227126,home
2016-10-06,Spain,Italy,1.0,1.0,3067.3629782648286,1949.219512152843,2047.598712148477,away
2016-10-09,Spain,Albania,2.0,0.0,3064.558524436688,1943.452242158202,2045.2534247462227,away
2016-11-12,Spain,North Macedonia,4.0,0.0,3077.6745598197035,1954.071419480568,2055.681805802853,home
2016-11-15,Spain,England,2.0,2.0,3082.574899531538,1959.7608628046407,2061.9634544207433,away
2017-03-24,Spain,Israel,4.0,1.0,3082.135497382149,1976.887264501277,2041.6503870491335,home
2017-03-28,Spain,France,2.0,0.0,3093.9808157027032,1983.1919210088572,2033.1446075320255,away
2017-06-07,Spain,Colombia,2.0,2.0,3112.877978553143,1998.302488227495,2053.4503284965945,home
2017-06-11,Spain,North Macedonia,2.0,1.0,3105.3667564116026,2010.962337710102,2029.4336824874529,away
2017-09-02,Spain,Italy,3.0,0.0,3110.3831467592518,1995.7007915815168,2020.2529753401818,home
2017-09-05,Spain,Liechtenstein,8.0,0.0,3158.371573355943,2020.2453241769608,2035.653981271844,away
2017-10-06,Spain,Albania,3.0,0.0,3161.7433620847046,2070.746808045112,2039.4112370536918,home
2017-10-09,Spain,Israel,1.0,0.0,3170.9541101083746,2069.757557866049,2046.8075669177138,away
2017-11-11,Spain,Costa Rica,5.0,0.0,3178.5775380290297,2024.2747750669087,2057.442578454716,home
2017-11-14,Spain,Russia,3.0,3.0,3193.265678147634,2073.8026781342915,2067.374061578339,away
2018-03-23,Spain,Germany,1.0,1.0,3184.0059582033837,2088.0520325875286,2029.7820808497167,away
2018-03-27,Spain,Argentina,6.0,1.0,3189.213011698781,2078.7565090242756,2039.8968085329393,home
2018-06-03,Spain,Switzerland,1.0,1.0,3217.966151720268,2158.321884415382,2037.8721406613893,home
2018-06-09,Spain,Tunisia,1.0,0.0,3207.46387519997,2127.8332154886384,2033.7615673667106,away
2018-06-15,Spain,Portugal,3.0,3.0,3212.2607085903346,2089.1597750879046,2045.0292388290356,away
2018-06-20,Spain,Iran,1.0,0.0,3201.8409902736053,2114.386257474028,2004.6734127850698,away
2018-06-25,Spain,Morocco,2.0,2.0,3224.448323202191,2098.4888531853903,2018.6352734928432,home
2018-07-01,Spain,Russia,1.0,1.0,3196.046939006355,2096.876587371794,1994.1649585249024,away
2018-09-08,Spain,England,2.0,1.0,3173.110721478103,2065.6350562482394,1996.8542593147847,away
2018-09-11,Spain,Croatia,6.0,0.0,3208.995325723779,2078.7281712077747,2000.1673469839066,home
2018-10-11,Spain,Wales,4.0,1.0,3263.040361103469,2150.26158205948,2017.9529089908951,away
2018-10-15,Spain,England,2.0,3.0,3275.572211491669,2183.233257715176,2015.416294676205,home
2018-11-15,Spain,Croatia,2.0,3.0,3213.590361641799,2180.032784851155,1973.3393661027362,away
2018-11-18,Spain,Bosnia and Herzegovina,1.0,0.0,3163.7967789669588,2171.6740167611824,1939.3220678253101,home
2019-03-23,Spain,Norway,2.0,1.0,3167.8769509290705,2138.2691118024713,1952.4599160918058,home
2019-03-26,Spain,Malta,2.0,0.0,3173.983222097216,2108.737689841403,1945.282576062649,away
2019-06-07,Spain,Faroe Islands,4.0,1.0,3175.1966823455114,2023.9464907890922,1951.6112690212262,away
2019-06-10,Spain,Sweden,3.0,0.0,3177.7947664944863,2017.8649382953172,1940.261837386784,home
2019-09-05,Spain,Romania,2.0,1.0,3206.0879526527706,2035.2031893028318,1956.5416309159361,away
2019-09-08,Spain,Faroe Islands,4.0,0.0,3222.1908704602615,2039.6299603666098,1958.7171232040282,home
2019-10-12,Spain,Norway,1.0,1.0,3223.9540430697793,2012.6941839296328,1965.0711135597505,away
2019-10-15,Spain,Sweden,1.0,1.0,3195.9493140110617,1994.8265401876488,1962.964247157962,away
2019-11-15,Spain,Malta,7.0,0.0,3179.6748631016835,1985.3225998979074,1966.1614851984473,home
2019-11-18,Spain,Romania,5.0,0.0,3181.0761658139354,2022.680346100154,1970.1572500520147,home
2020-09-03,Spain,Germany,1.0,1.0,3201.3098682645323,2073.1211955973326,1983.300533604775,away
2020-09-06,Spain,Ukraine,4.0,0.0,3204.824513381158,2059.698941381432,2005.4521224403006,home
2020-10-07,Spain,Portugal,0.0,0.0,3237.24936002486,2095.0822239726026,2018.688924896463,away
2020-10-10,Spain,Switzerland,1.0,0.0,3237.3330186359285,2069.0361481867358,2045.0287644534892,home
2020-10-13,Spain,Ukraine,0.0,1.0,3252.4777642156096,2046.4870684883235,2059.5465832674804,away
2020-11-11,Spain,Netherlands,1.0,1.0,3194.0991267781737,2007.0009241253542,2055.6729744749064,away
2020-11-14,Spain,Switzerland,1.0,1.0,3193.067344689315,2003.7025148529447,2058.1825702351357,away
2020-11-17,Spain,Germany,6.0,0.0,3181.673114603429,1996.4025762036536,2059.037970839608,home
2021-03-25,Spain,Greece,1.0,1.0,3264.768115582783,2070.7945722430873,2081.658096928083,home
2021-03-28,Spain,Georgia,2.0,1.0,3229.6428149524304,2035.894744524221,2068.971137053968,away
2021-03-31,Spain,Kosovo,3.0,1.0,3235.494968549769,2030.3678323503534,2058.1691368187667,home
2021-06-04,Spain,Portugal,0.0,0.0,3238.2226010495974,2009.6044942420624,2047.5451899217348,home
2021-06-08,Spain,Lithuania,4.0,0.0,3232.5525526229003,1982.6460913746275,2065.154877980796,home
2021-06-14,Spain,Sweden,0.0,0.0,3233.4093210663655,1974.718031904214,2069.3901709661313,home
2021-06-19,Spain,Poland,1.0,1.0,3206.259437017704,1939.7840004432344,2080.3007375945785,home
2021-06-23,Spain,Slovakia,5.0,0.0,3177.4748547313443,1921.011763895512,2073.448134820155,home
2021-06-28,Spain,Croatia,5.0,3.0,3195.2044549571124,1975.26784908077,2082.0782518974706,away
2021-07-02,Spain,Switzerland,1.0,1.0,3216.219782709206,2033.9294970545163,2039.1235456961017,away
2021-07-06,Spain,Italy,1.0,1.0,3200.162550647598,2016.273589934219,2041.0206936783156,away
2021-09-02,Spain,Sweden,1.0,2.0,3198.3199388971766,2016.4444534135396,2046.3004685469332,away
2021-09-05,Spain,Georgia,4.0,0.0,3144.3456053089017,2007.1452283865872,2024.2842859815235,home
2021-09-08,Spain,Kosovo,2.0,0.0,3151.553324608365,2029.663105619418,2031.206400392154,away
2021-10-06,Spain,Italy,2.0,1.0,3158.978968300343,2012.916794966194,2043.2511698884557,away
2021-10-10,Spain,France,1.0,2.0,3205.4953975123194,2034.979496756568,2048.376660686042,home
2021-11-11,Spain,Greece,1.0,0.0,3165.2703681319645,2024.9884128251842,2031.6488574888763,away
2021-11-14,Spain,Sweden,1.0,0.0,3179.447687071593,2012.226087579624,2043.4663634594629,home
2022-03-26,Spain,Albania,2.0,1.0,3193.6613639514044,1991.7987829677452,2056.0497016552235,home
2022-03-29,Spain,Iceland,5.0,0.0,3195.156998070646,1970.5680853201834,2044.8806733551667,home
2022-06-02,Spain,Portugal,1.0,1.0,3199.477456470994,1994.4055053883646,2053.1015570912564,home
2022-06-05,Spain,Czech Republic,2.0,2.0,3184.7326860460703,1985.3095638908947,2051.9998386020347,away
2022-06-09,Spain,Switzerland,1.0,0.0,3166.359350456366,1995.3354776964115,2032.102130664509,away
2022-06-12,Spain,Czech Republic,2.0,0.0,3196.9449191563526,1986.5999541015678,2053.6783136416398,home
2022-09-24,Spain,Switzerland,1.0,2.0,3209.4183101294557,1986.4944651928395,2067.3528757509753,home
2022-09-27,Spain,Portugal,1.0,0.0,3146.107651125862,1972.2678075083845,2043.5093676365414,away
2022-11-17,Spain,Jordan,3.0,1.0,3192.051932176638,1973.85327119455,2071.905855566231,away
2022-11-23,Spain,Costa Rica,7.0,0.0,3198.1313483332187,1993.5929370889762,2063.721776272603,home
2022-11-27,Spain,Germany,1.0,1.0,3251.8410882668722,2097.880191910359,2073.665919532683,home
2022-12-01,Spain,Japan,1.0,2.0,3240.9223254019325,2072.995688765241,2076.4957948299593,away
2022-12-06,Spain,Morocco,0.0,0.0,3181.0241210597055,2057.204035898133,2052.655749630992,away
2023-03-25,Spain,Norway,3.0,0.0,3163.163379133204,2024.0150026312626,2067.440849236614,home
2023-03-28,Spain,Scotland,0.0,2.0,3181.2521998109573,2036.076941798368,2079.4352433111026,away
2023-06-15,Spain,Italy,2.0,1.0,3112.4725781785965,1999.9891018200185,2054.577388606367,home
2023-06-18,Spain,Croatia,0.0,0.0,3144.6091625930826,2012.4883716211411,2052.2655416125504,away
2023-09-08,Spain,Georgia,7.0,1.0,3134.9655287408023,1983.4237190051674,2072.7587267992258,away
2023-09-12,Spain,Cyprus,6.0,0.0,3167.846066980597,2077.6601121301624,2064.8462270346645,home
2023-10-12,Spain,Scotland,2.0,0.0,3171.2054833981,2070.4183811151797,2070.06238705818,home
2023-10-15,Spain,Norway,1.0,0.0,3183.7677981769098,2061.3888080223714,2081.841181297974,away
2023-11-16,Spain,Cyprus,3.0,1.0,3201.27147012575,2042.1450585603873,2099.870803357657,away
2023-11-19,Spain,Georgia,3.0,1.0,3203.6673946282244,2009.1529513526366,2086.848728960477,home
2024-03-22,Spain,Colombia,0.0,1.0,3209.2994336650645,2001.863775583496,2079.136334025794,home
2024-03-26,Spain,Brazil,3.0,3.0,3189.1829095172275,1982.040537373512,2076.699849376551,home
2024-06-05,Spain,Andorra,5.0,0.0,3187.25295233433,2015.7108180267453,2040.7670676859148,home
2024-06-08,Spain,Northern Ireland,5.0,1.0,3187.598686319255,2017.9578745335707,2043.0282936529738,home
2024-06-15,Spain,Croatia,3.0,0.0,3190.1922402515656,2052.9563495267284,2031.8083046679437,home
2024-06-20,Spain,Italy,1.0,0.0,3246.48898137595,2080.957444729331,2049.3371522393973,home
2024-06-24,Spain,Albania,1.0,0.0,3274.372322341605,2067.024951917741,2065.902253715307,away
2024-06-30,Spain,Georgia,4.0,1.0,3280.014331402964,2035.6518323561388,2075.509438938612,home
2024-07-05,Spain,Germany,2.0,1.0,3295.4288698782957,2064.3600540813513,2070.1047376056936,away
2024-07-09,Spain,France,2.0,1.0,3331.297312802367,2069.4081311703544,2075.7423140645824,home
2024-07-14,Spain,England,2.0,1.0,3368.375712507745,2081.820097628572,2074.0437911834765,home
2024-09-05,Spain,Serbia,0.0,0.0,3396.8944155203167,2093.1397778167,2071.1342813950328,away
2024-09-08,Spain,Switzerland,4.0,1.0,3374.218117630822,2053.9964393099744,2088.323533833147,away
2024-10-12,Spain,Denmark,1.0,0.0,3420.353513450133,2097.0835094604745,2085.4541418846416,home
2024-10-15,Spain,Serbia,3.0,0.0,3432.979882329053,2077.474218070789,2095.909775354759,home
2024-11-15,Spain,Denmark,2.0,1.0,3451.1259436437895,2088.9308909231377,2107.446274703464,away
2024-11-18,Spain,Switzerland,3.0,2.0,3473.3515436374714,2098.554334419232,2101.9825905870443,home
2025-03-20,Spain,Netherlands,2.0,2.0,3482.230790424469,2097.979324441528,2075.5590634674218,away
2025-03-23,Spain,Netherlands,3.0,3.0,3471.2574786547116,2102.1507506730895,2060.9045928514124,home
2025-06-05,Spain,France,5.0,4.0,3448.14465803042,2113.130592297113,2022.6791964328058,home
2025-06-08,Spain,Portugal,2.0,2.0,3479.3088178209446,2177.216444453056,1966.3965561210655,away
2025-09-04,Spain,Bulgaria,3.0,0.0,3468.0640611018785,2177.134410646495,1956.8292418953279,away
2025-09-07,Spain,Turkey,6.0,0.0,3474.3286228639704,2150.4371002440726,1967.003670224526,away
2025-10-11,Spain,Georgia,2.0,0.0,3521.8504730929935,2215.009493385816,1992.2673108318354,home
2025-10-14,Spain,Bulgaria,4.0,0.0,3526.1217043740057,2169.569169528143,2007.4373485999774,home
2025-11-15,Spain,Georgia,4.0,0.0,3528.7160035345446,2119.313104848943,2013.9128146045878,away
2025-11-18,Spain,Turkey,2.0,2.0,3545.9914935251413,2146.4821969823606,2032.1432803137996,home
2026-03-27,Spain,Serbia,3.0,0.0,3513.9123919147696,2111.2751347524286,2012.469327929245,home
2026-03-31,Spain,Egypt,0.0,0.0,3519.1174879197824,2114.043149474394,2023.3159330025285,home
2026-06-04,Spain,Iraq,1.0,1.0,3505.343929787629,2060.336612585073,2031.8481636057213,home
2026-06-08,Spain,Peru,3.0,1.0,3491.3625866453276,2022.6093430433175,2021.2258413923478,away
2026-06-15,Spain,Cape Verde,0.0,0.0,3494.9321029917346,2042.435219730622,2012.9678832988798,home
2026-06-21,Spain,Saudi Arabia,4.0,0.0,3459.0059420316747,1980.5687185133995,2022.0550342591202,home
2026-06-26,Spain,Uruguay,1.0,0.0,3474.3468380570703,2013.8741549526662,2031.751494614647,away
2026-07-02,Spain,Austria,3.0,0.0,3492.1823144024665,2007.4958599798551,2045.7467589005582,home
2026-07-06,Spain,Portugal,1.0,0.0,3516.3147590686394,2029.589539184497,2063.283862048629,away
2026-07-10,Spain,Belgium,2.0,1.0,3544.226780285787,2021.8276412473256,2085.8617017135434,home
2026-07-14,Spain,France,2.0,0.0,3565.512571164636,2028.9521319089968,2092.657088736252,away
